name,in5_profile_link,website,industry,profile_description,has_login_signup,play_store_app_title,play_store_app_description,play_store_app_genre,play_store_app_score,play_store_app_ratings,play_store_app_developer,play_store_app_url,apple_store_app_title,apple_store_app_description,apple_store_app_genre,apple_store_app_score,apple_store_app_ratings,apple_store_app_developer,apple_store_app_url
Abcurr FZ-LLC,https://www.abcurr.com/,https://www.abcurr.com/,EdTech,Digital Marketplace matching universities worldwide based on their learning objectives to facilitate the organisation of educational study trips between universities hosts & visitors we aspire to be the universities airbnb.,FALSE,,,,,,,,,,,,,,
Able Ventures FZ-LLC,https://www.ableventures.co/,https://www.ableventures.co/,Wellness,Able is building anall-in-one platform for adults aged 50+ to take control of their condition and enable vibrant aging.,FALSE,,,,,,,,,,,,,,
Acadlinks Technologies FZ-LLC,https://www.acadlinks.co/,https://www.acadlinks.co/,EdTech,Acadlinks is a platform that connects Academia and the industry by receiving projects from companies and distributing them to students.,FALSE,,,,,,,,,,,,,,
Accurate Middle East Marketing Solutions FZ-LLC,https://meaccurate.com/,https://meaccurate.com/,Business IT Solution,MARSA is an Ai-driven platform for founders to get the insights and take data-based decision.,FALSE,,,,,,,,,,,,,,
Advantage IO FZ-LLC,http://www.ivyoptions.com,http://www.ivyoptions.com,EdTech,IO Advantage offers a modern solution to university admissions globally.,FALSE,,,,,,,,,,,,,,
At The Park FZ-LLC,https://www.atthepark.world/,https://www.atthepark.world/,Wellness,"ATP Free Fitness Community redefines fitness, offering free, diverse activities addressing post-pandemic wellness challenges.",FALSE,,,,,,,,,,,,,,
Arqqin FZ-LLC,http://arqqin.com,http://arqqin.com,Transportation,"Arqqin is a mobility app that simplifies parking, valet, and other transportation services, providing users with seamless, efficient, and hassle-free experiences across the UAE.",FALSE,,,,,,,,,,,,,,
Armoir FZ-LLC,https://www.armoir.co,https://www.armoir.co,Product Design,Armoir is a luggage brand backed by the Chalhoub Group looking to offer a more premium and fashionable option to modern travellers.,TRUE,,,,,,,,,,,,,,
Anphonic FZ-LLC,http://anphonic.ai/,http://anphonic.ai/,Retail,Anphonic is a Commerce Marketing Automation Cloud to empower the Retailers and Online commerce enabled businesses open novel revenue streams.,TRUE,,,,,,,,,,,,,,
Anikaires FZ-LLC,http://anikaires.com/,http://anikaires.com/,Fashion,Anikaires creates bespoke bridal gowns & luxury couture for red carpet celebrities.,FALSE,,,,,,,,,,,,,,
Amrhea Fashion FZ-LLC,https://amrhea.com,https://amrhea.com,Fashion,"Amrhea empowers women with timeless designs that celebrate femininity, confidence, and individuality.",TRUE,,,,,,,,,,,,,,
AmigoID FZ-LLC,https://amigoid.com/,https://amigoid.com/,Business IT Solution,Automated systems to perform identity and document checks faster and more efficiently than manual methods,FALSE,,,,,,,,,,,,,,
Amada Wear FZ-LLC,https://www.amadawear.com/,https://www.amadawear.com/,Fashion,Athleisure wear brand offering functional  designs for woman.,TRUE,,,,,,,,,,,,,,
Alumco.io FZ-LLC,https://www.alumco.io/,https://www.alumco.io/,EdTech,"Alumco is an AI Driven platform designed to help international schools maintain updated alumni databases through automated data integrations. Addressing the inefficiency of manual alumni tracking, Alumco empowers schools to foster lasting connections, offering students valuable networking and career opportunities. We serve the international education sector, targeting schools as primary clients and their alumni as end-users.",TRUE,,,,,,,,,,,,,,
Alphadroid Middle East FZ-LLC,https://www.alphadroid.io,https://www.alphadroid.io,Robotics,"Alphadroid provides intelligent autonomous mobile robots and AI solutions that enhance efficiency, service quality, and automation across hospitality, retail, healthcare, logistics, and corporate environments.",FALSE,,,,,,,,,,,,,,
Alimento Tech FZ-LLC,https://www.alimento.io/,https://www.alimento.io/,F&B,Alimento is Food Ordering App Offering flexible and personalized Meal Plans Subscriptions For Busy People.,TRUE,,,,,,,,,,,,,,
Albert Health FZ-LLC,https://albert.health/,https://albert.health/,HealthTech,"An evidence-based, multi-chronic disease management platform that leverages AI.",TRUE,,,,,,,,,,,,,,
Akai Space FZ-LLC,https://youtu.be/kc5bFRVaA5U?si=rubdrt25zB2BMKEv,https://youtu.be/kc5bFRVaA5U?si=rubdrt25zB2BMKEv,Business AI Solution,"Akai Space revolutionizes AI development by providing a data labeling platform that enhances the speed and quality of machine learning data preparation. Serving the tech and AI industry, our solution attracts a global community of engaged users, from AI developers to data scientists, by turning data annotation into an interactive, gamified and rewarding experience.",FALSE,,,,,,,,,,,,,,
AiZtech Labs FZ-LLC,https://www.AiZtechLabs.com,https://www.AiZtechLabs.com,BioTech,AiZtech is a deep tech company using cutting-edge AI research to detect signature manifestations of COVID-19 on the human facial and ocular surfaces to help everyone enjoy life unlimited by a pandemic.,TRUE,,,,,,,,,,,,,,
AiwaTech FZ-LLC,http://www.aiwatech.ai,http://www.aiwatech.ai,Business AI Solution,"AiwaTech Transforming Businesses through Data Engineering and AI-driven Innovations. Siloed, Complex and Scattered Data with Limited Internal AI Capability.",FALSE,,,,,,,,,,,,,,
Aimedrev FZ-LLC,http://www.aimedrev.com,http://www.aimedrev.com,BioTech,"AIMEDREV provides AI-powered conversational agents that swiftly extract valuable insights from vast medical data, saving time and effort for physicians, improving diagnosis, and serving the healthcare industry.",FALSE,,,,,,,,,,,,,,
AI Opinion Lab FZ-LLC,http://www.aiopinion.ai,http://www.aiopinion.ai,HealthTech,Using capabilities of artificial intelligence to improve the healthcare system around the world and in the UAE.,FALSE,,,,,,,,,,,,,,
AG Design FZ-LLC,https://thealoud.com,https://thealoud.com,Fashion,"Creating a clothing line in the luxury sector that respects the circular model from fabric selection for the entire production and distribution process, to the complete disposal of the garments produced using blockchain, cryptocurrency, virtual dressing room and many other technologies.",TRUE,,,,,,,,,,,,,,
Bainkom FZ-LLC,https://www.bainkom.com/,https://www.bainkom.com/,Interior Design and Architecture,"The pioneer online design platform in the Middle East, uniquely linking space owners with designers aiming to enhance their spaces. Bainkom curated selection includes interior designers, architects, home stylists, landscapers, and lighting experts, all while staying within your budget.",FALSE,,,,,,,,,,,,,,
Bellboy Technologies FZ-LLC,http://www.bellboytech.com,http://www.bellboytech.com,Hospitality,bellboy is an Ai powered SaaS software to streamline guest experience from check-in to check out.,FALSE,,,,,,,,,,,,,,
BeMyGuest FZ-LLC,https://bemyguest.ae/,https://bemyguest.ae/,Travel,BeMyGuest create an ecosystem of diverse travel activities by helping local entrepreneurs provide unforgettable travel experiences in the UAE. The brand offers off-beat travel experiences not available anywhere else.,TRUE,,,,,,,,,,,,,,
BitAffix FZ-LLC,https://www.BitAffix.io,https://www.BitAffix.io,Business IT Solution,Accelerate Your Business Processes With BitAffix Effortlessly.,FALSE,,,,,,,,,,,,,,
BlockLive FZ-LLC,http://blocklive.io/,http://blocklive.io/,Events,"BlockLive is a fast, easy, and transparent way to buy and sell unique digital tickets.",FALSE,,,,,,,,,,,,,,
Capti AI FZ-LLC,https://subtitles.plus,https://subtitles.plus,Content,Capti AI automates subtitles for video content.,FALSE,,,,,,,,,,,,,,
Cerebrion Health Innovations FZ-LLC,https://www.drbrain.asia,https://www.drbrain.asia,HealthTech,AI-powered solution for early detection and intervention of cognitive impairment,FALSE,,,,,,,,,,,,,,
Chizl Technology Solutions FZ-LLC,http://www.chizl.ai,http://www.chizl.ai,Business IT Solution,Chizl is a SaaS platform that uses NLP and machine learning models to streamline the process of gathering industry market information and summarize critical sections of public company filings.,FALSE,,,,,,,,,,,,,,
ComplyHawk AI FZ-LLC,https://complyhawk.ai/,https://complyhawk.ai/,Business IT Solution,"ComplyHawk automates the compliance journey from start to audit-ready with key frameworks of ISO 27001, PCI DSS, NCA ECC, UAE IA, SAMA, NIST, and more.",FALSE,,,,,,,,,,,,,,
Comfi FZ-LLC,https://comfi.app,https://comfi.app,FinTech,"Comfi is an embedded BNPL solution that helps B2B SaaS companies to sell 2x more annual subscriptions by letting their customers pay in zero-interest installments, while vendors are paid upfront. Comfi helps to increase the cash flow of a SaaS company and save up to 30% of SaaS costs for end customers.",FALSE,,,,,,,,,,,,,,
DataGo 80/20 Decision Intelligence Platform FZ-LLC,https://www.anmarabbas.com/,https://www.anmarabbas.com/,Business IT Solution,"DataGo is a Managed Analytics and Decision Intelligence Platform that helps customers manage data, turning it into knowledge in the fastest time possible.",FALSE,,,,,,,,,,,,,,
Decoding Data Science FZ-LLC,https://decodingdatascience.com/,https://decodingdatascience.com/,EdTech,"DDS bridges the gap between learners, practitioners, and businesses by providing a vibrant AI community enriched with resources, events, and professional growth opportunities, while also tackling core educational challenges through AI-powered personalized learning paths that empower educators and students to achieve transformative growth and success.",FALSE,,,,,,,,,,,,,,
Deep Design Innovation FZ-LLC,https://www.deepdesigninnovation.com/,https://www.deepdesigninnovation.com/,Product Design,Deep Design Innovation (DDI) is a  Futures Thinking Design & Innovation Lab,TRUE,,,,,,,,,,,,,,
DeTaSECURE FZ-LLC,https://detasecure.com,https://detasecure.com,Security,"We are accomplished cyber security experts, taking care of cyber security practices and global delivery in sectors ofweb3, finance, e-commerce, healthcare, insurance and telecom domains.",FALSE,,,,,,,,,,,,,,
Detectiome FZ-LLC,https://detectiome.com/,https://detectiome.com/,HealthTech,"An AI-enabled liquid biopsy solution that detects multiple cancers in the early stages. Our unique solution pairs advanced Ai, bioinformatics, and lab chemistry to detect subtle changes in epigenomes of a patient to detect cancer before any symptom begins.",FALSE,,,,,,,,,,,,,,
DevBoat Technologies FZ-LLC,https://devboattech.com/,https://devboattech.com/,Marketing,"DevBoat Technologies empowers startups with budget-friendly digital marketing and tech solutions. We craft customized plans with SEO, SEM, SMM to boost your online presence and reach.",FALSE,,,,,,,,,,,,,,
DocsFox Health FZ-LLC,https://docsfoxhealth.com/,https://docsfoxhealth.com/,Marketplace,Marketplace for vetted specialized doctors.,FALSE,,,,,,,,,,,,,,
Doclub FZ-LLC,https://doclub.uz/en,https://doclub.uz/en,HealthTech,"Doclub is an interactive educational platform for professional development, training and daily work of doctors and healthcare professionals.",FALSE,,,,,,,,,,,,,,
DNA Longevity FZ-LLC,http://www.dna-longevity.com,http://www.dna-longevity.com,BioTech,DNA Longevity aims to revolutionize healthcare by providing individuals with accessible and personalized genetic testing and counseling services.,FALSE,,,,,,,,,,,,,,
Digitrex Technologies FZ-LLC,https://www.majlis.network/,https://www.majlis.network/,Marketplace,"Majlis is a dynamic global platform created by Digitrex Technologies, designed for entrepreneurs, innovators, and business leaders to connect, collaborate, and grow together. It acts as a B2B marketplace and professional community where aspiring and established entrepreneurs can find mentorship, funding opportunities, strategic partnerships, and actionable insights to accelerate their ventures. Powered by AI, Majlis helps users discover relevant people, businesses, and events — enhancing the way professionals build their networks.",TRUE,,,,,,,,,,,,,,
Dianomics FZ-LLC,https://www.dianomics.com,https://www.dianomics.com,Business IT Solution,"Dianomics is supporting small and medium sized life science businesses with operations, QM and IT systems by taking ISO as a backbone and turning QM into an eBciency tool.",FALSE,,,,,,,,,,,,,,
Diagnio Middle East FZ-LLC,http://diagnio.com,http://diagnio.com,Medical Devices,"Fast, easy and non-invasive ovulation home test.",FALSE,,,,,,,,,,,,,,
Edget FZ-LLC,https://nogbase.ae,https://nogbase.ae,Real Estate,"Nogbase is a Real Estate CRM for Agents, Brokers, Realtors & Property Developers",FALSE,,,,,,,,,,,,,,
eMed Support Systems FZ-LLC,http://www.emedsup.org,http://www.emedsup.org,HealthTech,A Clinical Decision Support System (CDSS) to help a physician make Evidence-Based Medicine (EBM) prescriptions and controle achievements of treatment targets to prevent every patient from cardiovascular catastrophe.,FALSE,,,,,,,,,,,,,,
estaie tech FZ-LLC,https://estaie.com,https://estaie.com,Real Estate,"A digital platform, solving significant challenges for accommodation partners; creating inventory integration, publicly marketing rates and addressing issues surrounding shared accommodation.",FALSE,,,,,,,,,,,,,,
EquaTalent FZ-LLC,https://www.equatalent.com/,https://www.equatalent.com/,Human Resource,EquaTalent is an AI-driven platform that conducts real-time video screening interviews with an unlimited number of candidates in the hiring funnel.,FALSE,,,,,,,,,,,,,,
Environmental Art by Kasia FZ-LLC,https://www.instagram.com/p/B9qumm2HDfz/,https://www.instagram.com/p/B9qumm2HDfz/,Interior Design,"The Environmental Art will teach and create Environmental Art and the associated science and philosophies and will be a bridge between art and science through education.  We will create Art which will enhance the environment, whilst making a statement on ecological conservation and cityscape issues. Our creations can be used within Modern architecture as an effective tool to transform concrete jungles into greenspace by blending the borders between indoor and outdoor living, thus improving the quality of living within the cities, office and homes in which it is applied. The work of the environmental artists working in the academy will embrace ideas from philosophy and environmental psychology whilst also considering scientific factors including but not limited to:engineering, horticulture and dendrology",FALSE,,,,,,,,,,,,,,
Enable Tech FZ-LLC,http://www.enable.tech,http://www.enable.tech,F&B,"All-In-One Restaurant and Cloud Kitchen Management System.  Empowering restaurants to accept, manage, and fulfill commission-free orders",FALSE,,,,,,,,,,,,,,
Feva Fit FZ-LLC,https://www.fevafit.com/,https://www.fevafit.com/,Fitness,Feva Fit is a mind-body approach to fitness.,FALSE,,,,,,,,,,,,,,
Fibayt FZ-LLC,https://fibayt.com/,https://fibayt.com/,Marketplace,"Fibayt is an online marketplace offering custom-made furniture, blending convenience and personalization with advanced technologies like Augmented Reality, 3D visualization and 360-degree views. Customers can choose from ready-made designs, customize existing pieces, or submit bespoke designs to fit their unique needs.",TRUE,,,,,,,,,,,,,,
Fitout Trade FZ-LLC,http://www.FitoutTrade.com,http://www.FitoutTrade.com,Interior Design,"FitoutTrade is full-service provider of finishing building materials, simplifying interior designer material selection and project delivery for freelancers and small interior designers in the Middle East.",FALSE,,,,,,,,,,,,,,
FivePM AI FZ-LLC,https://fivepm.co,https://fivepm.co,Marketplace,"5PM stands as a dynamic community-driven business agency, uniting professionals from diverse fields to empower your business with unrivaled solutions.",FALSE,,,,,,,,,,,,,,
Fluence Pay FZ-LLC,http://www.fluencepay.com,http://www.fluencepay.com,Marketing,"Influencer Marketing, Digital Payments, Card Payments and SMB Marketing.",FALSE,,,,,,,,,,,,,,
Gadgets Reborn FZ-LLC,https://www.gadgetsreborn.com/,https://www.gadgetsreborn.com/,Marketplace,"Repair Service Marketplace for Devices, handheld devices, tablets and laptops.",FALSE,,,,,,,,,,,,,,
Gainz Financial Technology FZ-LLC,https://getgainz.co/,https://getgainz.co/,FinTech,Crowdlending platform to provide working capital finance for SMEs.,TRUE,,,,,,,,,,,,,,
GlowSafar FZ-LLC,https://www.glowsafar.com/,https://www.glowsafar.com/,Commerce Tech,"GlowSafar is an AI-driven wellness shopping assistant that combines habit forming, product discovery, and community to deliver personalized product recommendations based on individual fitness and lifestyle data, making healthy choices engaging and rewarding.",FALSE,,,,,,,,,,,,,,
Hadify FZ-LLC,http://www.hadify.ae,http://www.hadify.ae,Wellness,"Hadify is a UAE-born corporate wellness platform that empowers medium to large companies through a disruptive app offering personalized, gamified, and data-driven wellness programs designed to enhance employee wellbeing, productivity, and retentio",FALSE,,,,,,,,,,,,,,
Haloo Platforms FZ-LLC,https://haloai.app,https://haloai.app,Marketing,Halo AI makes people fall in love with your brand through the voices of trusted local creators.,TRUE,,,,,,,,,,,,,,
Happiness Redefined FZ-LLC,https://projecthappinessuae.wixsite.com/my-site,https://projecthappinessuae.wixsite.com/my-site,eCommerce,"Project Happiness aims to create and facilitate dignified work opportunities for People of Determination by providing a platform for the sale of their handmade products, thereby enabling customers to buy culturally relevant handmade cards and other gifting accessories, and contribute to a cause.",TRUE,,,,,,,,,,,,,,
HB by Hanna Baranava Fashion FZ-LLC,http://www.hannabaranava.com,http://www.hannabaranava.com,Fashion,"Hanna Baranava designs reflect dedication to craftsmanship, with every stitch telling a story of passion and artistry. The creations capture the essence of femininity, blending modern sophistication with a sense of ethereal grace as if drawn from a distant dream.",TRUE,,,,,,,,,,,,,,
High Bridge FZ-LLC,https://highbridgeacademy.com/,https://highbridgeacademy.com/,EdTech,"University fails to provide students with professional skills. High Bridge offers virtual bootcamps delivered by admired professionals from ex-McKinsey, to build up interviewing and work skills.",TRUE,,,,,,,,,,,,,,
Hikmah Labs FZ-LLC,https://www.zyler.ai,https://www.zyler.ai,Marketing,"Hikmah under the brand name Zyler is AI-powered marketing analytics platform that solves the challenge of complex data analysis across multiple marketing platforms like Google Analytics, Meta, LinkedIn. We serve the digital marketing industry by automating insights and reducing analysis time by 98%, targeting SMEs, digital agencies, and SaaS companies who struggle with scattered data and lack technical expertise.",FALSE,,,,,,,,,,,,,,
Ibda Innovate Build Deliver FZ-LLC,https://ibda.co/,https://ibda.co/,Product Design,"Ibda is an R&D-driven company that transforms ideas into tangible realities, from concept to proof-of-concept and beyond.",FALSE,,,,,,,,,,,,,,
iinfinitty Media and Technologies FZ-LLC,http://www.iinfinitty.com,http://www.iinfinitty.com,Content,At iinfinitty we are developing kids animated entertainment series focused on skills based learning and real-life problem-solving abilities written by some prominent story writers from Hollywood under the supervision of award-winning animation and VFX content production industry veterans. Our contents are equipped with new media technologies which help kids to get familiar with technologies and learn how to be prepared for the future by being smart. Our Parental control & kids online security AI powered solution is designed to solve parents much needed problems of their kids online & on-screen time problems with a peace of mind that their kids are 360 degrees safe online.,FALSE,,,,,,,,,,,,,,
JN Research FZ-LLC,https://jn-research.com/,https://jn-research.com/,BioTech,"JNResearch is developing artificial cognitive systems to emulate human-like cognition, learning, intelligence, memories.",FALSE,,,,,,,,,,,,,,
Jokes Aside FZ-LLC,http://www.jokesaside.ae,http://www.jokesaside.ae,Fashion,Jokes Aside is a Dubai-based streetwear brand which embraces self-expression through transforming real life stories into wearable art,FALSE,,,,,,,,,,,,,,
JurisGraph AI FZ-LLC,https://jurisgraph.ai,https://jurisgraph.ai,Business AI Solution,Reliable AI for law professionals.,FALSE,,,,,,,,,,,,,,
Kitt Live FZ-LLC,https://kitt.framer.website/,https://kitt.framer.website/,eCommerce,Live video shopping marketplace.,FALSE,,,,,,,,,,,,,,
lenedo tech FZ-LLC,https://www.lenedo.tech/,https://www.lenedo.tech/,Business IT Solution,No-code/low-code solutions for web/mobile apps,FALSE,,,,,,,,,,,,,,
Letit Technologies FZ-LLC,https://letit.app/,https://letit.app/,EdTech,Letit is a platform for trading education.,FALSE,,,,,,,,,,,,,,
LIKA Social FZ LLC,https://likasocial.com/,https://likasocial.com/,Events,"LIKA is a Social Planning App designed to be an all-in-one platform for discovering, organizing and reliving your social experiences simplifying planning to create memories.",TRUE,,,,,,,,,,,,,,
Linkup Social FZ-LLC,https://www.linkupapp.io/,https://www.linkupapp.io/,Marketplace,Linkup is the app to connect with likeminded people in the domains of sports and adventure activities.,TRUE,,,,,,,,,,,,,,
LiveHive Tech FZ-LLC,https://www.livehive.io,https://www.livehive.io,Marketing,"LiveHive is a real-time multi-touchpoint insights platform using zero-party passive data collection and leveraging two-sided market economics. It solves consumer data fragmentation by providing businesses with continuous, high-quality behavioral insights. Serving digital consumer industries, it helps brands, advertisers, analysts, and app publishers optimize decisions, monetization, and high-performing RAG models.Edit Description",FALSE,,,,,,,,,,,,,,
M&D Portal FZ-LLC,http://www.matcheruae.com,http://www.matcheruae.com,Real Estate,"MD Portal Matcher is designed for real estate agents to close deals faster and easier, acquire more clients, and share customer data with other agents.",FALSE,,,,,,,,,,,,,,
Magno Montero Fashion FZ-LLC,https://magnomontero.com,https://magnomontero.com,Fashion,The first AI-powered high-end fashion brand that combines innovation with responsible practices through a 100% pre-order model.,FALSE,,,,,,,,,,,,,,
Makan Home FZ-LLC,http://www.makanhome.ae,http://www.makanhome.ae,Real Estate,Makan is a furniture rental service in a mission to disrupt the furnishing experience.,FALSE,,,,,,,,,,,,,,
Mango Gate FZ-LLC,https://mango-gate.com/en,https://mango-gate.com/en,Marketplace,"Mango Gate is an online language learning platform that offers live and online tutoring classes taught by certified language teachers, providing maximum flexibility and fun while learning languages.",FALSE,,,,,,,,,,,,,,
Matter Insurance FZ-LLC,http://www.matter.insure,http://www.matter.insure,Insurance,Matter is a lifestyle-based insurtech start-up which will provide micro or bite-sized insurance products.,FALSE,,,,,,,,,,,,,,
Messaging Me FZ-LLC,https://www.messagingme.fr/en/,https://www.messagingme.fr/en/,Marketing,Conversational strategy accelerator dedicated to the adoption of conversational marketing and care in digital ecosystem.,FALSE,,,,,,,,,,,,,,
Meshwar FZ-LLC,https://meshwaar.flutterflow.app/,https://meshwaar.flutterflow.app/,EdTech,"Meshwar provide sArabic dyslexia learning tools, font, mobile application.",FALSE,,,,,,,,,,,,,,
Merchlist FZ-LLC,https://themerchlist.com/,https://themerchlist.com/,Product Design,"Merchlist is a print on demand and customization platform for consumers and corporates. Customers can seamlessly select, personalize and receive a ready product ranging from apparel, accessories, promotional products and corporate gifts through a unique tech-enabled customization.",TRUE,,,,,,,,,,,,,,
Menni W Elaya FZ-LLC,https://www.instagram.com/menni_w_elaya/?hl=en,https://www.instagram.com/menni_w_elaya/?hl=en,Fashion,"MENNI W ELAYA is a luxury Fashion brand creating high quality garments that focus on culture representation & unique embroideries. With sustainability & social responsibility in mind, we are targeting an A-segment female client base.",FALSE,,,,,,,,,,,,,,
MENA Tech Group FZ-LLC,https://www.mena-tech.com/,https://www.mena-tech.com/,Content,"Mena Tech is technology & business media portal with over 5 millions followers. We create world-class Arabic technology content online in a way that is dynamic, intelligent and easy to digest. Our content targets technology decision makers, professionals, enthusiasts, startups and entrepreneurs exclusively in Arabic.",FALSE,,,,,,,,,,,,,,
Matutto FZ-LLC,https://matutto.com/,https://matutto.com/,Mobility,"Matutto is a global mobility startup, helping Expats move abroad with reliable AI-powered information and affordable support. We intend to support the next 25 Million Expats moving to the UAE, KSA and UK.",TRUE,,,,,,,,,,,,,,
NadEat FZ-LLC,https://nadeat.com/,https://nadeat.com/,F&B,"NadEat provides healthy, balanced lunch meal box for school children.",FALSE,,,,,,,,,,,,,,
nAia by Nadine FZ-LLC,http://www.naiabynadine.com,http://www.naiabynadine.com,Fashion,"nAia is a tech-driven womenswear brand that merges design and innovation. Through advanced 3D avatar technology, customers can visualize garments on a digital replica of their own body based on their measurements, skin tone, and hair color. This ensures a personalized shopping experience while also reducing waste and overproduction.",FALSE,,,,,,,,,,,,,,
Napptix Media FZ-LLC,https://www.napptix.com/,https://www.napptix.com/,Advertisement,"Napptix is an ad-tech platform that enables advertiser, brands, and media agencies to reach gaming audiences.",FALSE,,,,,,,,,,,,,,
NEO Architecture FZ-LLC,https://www.neo-architecture.com/,https://www.neo-architecture.com/,Architecture,"NEO Architecture is founded  by Jacky Tang and Yazeed Obeid, each with 10+ years experience of practice with international design offices like Sou Fujimoto Architects, Kengo Kuma and Associates in Japan, Sahel Al Hiyari Architects in Jordan and X-Architects in United Arab Emirates.",FALSE,,,,,,,,,,,,,,
Neoegolabs FZ-LLC,http://www.neoego.ae,http://www.neoego.ae,EdTech,Neoego Labs develop ECB boards with IOT & AI capabilities for educational purposes.,FALSE,,,,,,,,,,,,,,
Neulink FZ-LLC,https://neulink.cloud/,https://neulink.cloud/,HealthTech,Cloud-Based workflow efficiencies software for healthcare organizations.,TRUE,,,,,,,,,,,,,,
Oasis Defender FZ LLC,https://www.oasisdefender.com,https://www.oasisdefender.com,Security,Oasis Defender proivde unified AI drivern cross cloud security soltuion.,FALSE,,,,,,,,,,,,,,
OCCA Labs FZ-LLC,http://www.occa.club,http://www.occa.club,Real Estate,"OCCA is an exclusive, invite-only digital club curated for high-net-worth individuals on the look for unparalleled luxury properties.",TRUE,,,,,,,,,,,,,,
Oepp Innovations FZ-LLC,https://baarilabs.com/,https://baarilabs.com/,Product Design,"Oepp/Baari Labs, is a Hardware Tech Design Studio, helping innovators from ideation to building market-ready products across industries. Our seasoned team of Product Designers, Mechanical Engineers, Electronics and IoT Experts along with Software Engineers facilitate and continuously support founders, focused on solving real-world problems, through user-centric designs and building prototypes, and eventually scaling through mass manufacturing.",FALSE,,,,,,,,,,,,,,
Open Farming Solutions FZ-LLC,https://openfarming.earth/,https://openfarming.earth/,F&B,"OpenFarming.Earth is an AI-first OS for food distributors, tackling inefficiencies in manual, fragmented order management.",TRUE,,,,,,,,,,,,,,
Optima Data Technologies FZ-LLC,https://optima.io/,https://optima.io/,EdTech,"Optima empowers engineers, data analysts, data scientists, and business executives with data literacy skills.",TRUE,,,,,,,,,,,,,,
Orisun Invest FZ-LLC,https://www.linkedin.com/in/karim-megherbi-a18a7a28/,https://www.linkedin.com/in/karim-megherbi-a18a7a28/,Energy,"Orisun is a renewable energy platform which offers a unique opportunity for developers to access equity and development money, and for investors to access high quality sustainable investment opportunity.",TRUE,,,,,,,,,,,,,,
Palato FZ-LLC,https://www.palatoapp.com,https://www.palatoapp.com,F&B,"Palato is making making reservations seamless, accessible, and tailored to every occasion – connecting you to unforgettable culinary moments with ease and sustainability.",FALSE,,,,,,,,,,,,,,
Palmy AI FZ-LLC,http://palmy.ai,http://palmy.ai,Marketplace,"Palmy is a rental marketplace for immersive technology, bridging vendors and customers to facilitate innovative rentals. Our focus lies in Robotics, AI, and the latest advancements in immersive tech.",TRUE,,,,,,,,,,,,,,
Permo Studio FZ-LLC,https://heyzine.com/flip-book/dd1d6c5800.html,https://heyzine.com/flip-book/dd1d6c5800.html,Architecture,"PERMO offers innovative modular architectural products and solutions designed to address the challenges of customization, sustainability, and high quality in the high-end architectural and interior design industry. We solve the problem of limited design flexibility by providing products that allow architects, designers, and property owners to create unique, personalized spaces with ease, while maintaining cost efficiency and environmental responsibility.",FALSE,,,,,,,,,,,,,,
PharmaOne Solutions FZ-LLC,https://www.onepharma.ae,https://www.onepharma.ae,Marketplace,"OnePharma is a digital platform transforming pharmaceutical supply chains with seamless connectivity, real-time collaboration, and transparency.",TRUE,,,,,,,,,,,,,,
Pioneera Biosciences FZ-LLC,https://www.pioneerabio.com/,https://www.pioneerabio.com/,BioTech,"Pioneera Biosciences flagship project Project ImmunoHorizon pioneers next-generation CAR-T and CAR-NK cell therapies, revolutionizing cancer treatment with precision immunotherapy and global collaboration.  LinkedIn",FALSE,,,,,,,,,,,,,,
Post School Hub FZ-LLC,https://psh-73.webselfsite.net/home,https://psh-73.webselfsite.net/home,EdTech,"PSH, Post School Hub, platform offers reliable, professional and qualified tutors for post school homework and activities, for grade 1-4 children.",FALSE,,,,,,,,,,,,,,
Polly Technologies FZ-LLC,https://messagepolly.com/,https://messagepolly.com/,Marketing,"Reinventing Messagingfor the AI Era turning every interaction into actionable insights and fine-tune campaigns in real-time, to drive higher ROAS on autopilot.",FALSE,,,,,,,,,,,,,,
Polaris Collaborative FZ-LLC,https://polariscollaborative.com/,https://polariscollaborative.com/,Marketing,"Polaris Co delivers AI-powered, localized marketing services to help businesses scale at any stage. We address the need for cost-effective, flexible marketing, offering everything from DIY tools to full-service strategies for B2B and B2C companies. Our focus is on tech startups, SMEs, and solopreneurs who lack in-house marketing expertise. With fractional CMO services and project-based or retainer models, we provide scalable, high-quality solutions without the overhead costs of full-time hires.",FALSE,,,,,,,,,,,,,,
Pointili HR Solutions FZ-LLC,https://www.pointili.com/,https://www.pointili.com/,Human Resource,POINTILI is a mobile app and a platform that makes attendance homogeneous and manageable.,FALSE,,,,,,,,,,,,,,
Q Ventures FZ-LLC,https://joinqudra.com/,https://joinqudra.com/,Marketplace,Qudra by Q Ventures is a freelance marketplace connecting vetted talent with businesses across the MENA region.,TRUE,,,,,,,,,,,,,,
Qamaroun Creative Agency FZ-LLC,http://www.qamaroun.com,http://www.qamaroun.com,Content,"Qamaroun Video Productions creates videos that capture the essence of the UAE, targeting businesses and organizations in the UAE that want high-quality video content.",FALSE,,,,,,,,,,,,,,
Reezk FZ-LLC,https://rfxai.com/,https://rfxai.com/,Business IT Solution,"RFxAI has transforming RFx Processes including RFPs, RFIs, RFQs, and more with AI Excellence.",FALSE,,,,,,,,,,,,,,
RelphaCare Technologies FZ-LLC,https://www.relphacare.com/,https://www.relphacare.com/,HealthTech,RelphaCare is a social healthcare tracking platform that enables real-time communication and monitoring by doctors and family.,TRUE,,,,,,,,,,,,,,
ReMatch Technologies FZ-LLC,https://www.joinrematch.com/,https://www.joinrematch.com/,Real Estate,ReMatch streamlines the entire real estate deal flow by matching buyers and properties via an AI-driven platform that consolidates fragmented listings and automates critical tasks.,FALSE,,,,,,,,,,,,,,
rentanyroom.com FZ-LLC,https://www.rentanyroom.com/,https://www.rentanyroom.com/,PropTech,"RentAnyRoom.com offers a variety of short to medium term rental solutions. From apartments and rooms to student housing, coliving spaces, and hotel residences.",TRUE,,,,,,,,,,,,,,
Retailhub FZ-LLC,https://retailhub.ae/,https://retailhub.ae/,Retail,"Retailhub is helping retailers to sell more online with better margins and deliver exactly what the customer ordered By integrating the POS with major aggregators Talabat, Instashop, Nownow, Deliveroo, Careem, and others.",FALSE,,,,,,,,,,,,,,
Repaymi Technologies FZ-LLC,http://www.repaymi.com,http://www.repaymi.com,FinTech,Repaymi secures the recovery of unpaid sums preserving brand and customer relationships.,TRUE,,,,,,,,,,,,,,
Renttro FZ-LLC,http://www.renttro.com,http://www.renttro.com,Marketplace,"Operating in the rental and sharing economy, Renttro serves multiple industries, including real estate, events, vehicles, tools, equipment, and lifestyle services. It connects renters seeking convenient, short-term rental solutions with vendors.",FALSE,,,,,,,,,,,,,,
Renterz FZ-LLC,https://renterz.com/,https://renterz.com/,Real Estate,"Renterz is a digital platform offering end-to-end solutions for the real estate landlords, estate agents and renters.",TRUE,,,,,,,,,,,,,,
S.H.E Designs FZ-LLC,https://shevtsovadesign.com/,https://shevtsovadesign.com/,Interior Design,"S.H.E Design is specializing in interior design and furnishing with a focus on expertly blend traditional design practices with innovative AI and Web solutions to offer unique, personalized interior spaces.",FALSE,,,,,,,,,,,,,,
Safina Media FZ-LLC,http://safinahub.com,http://safinahub.com,Content,"SSafina produces feature films, documentaries and programs with rich content and high quality.",FALSE,,,,,,,,,,,,,,
Sakani Technology Solutions FZ-LLC,https://sakanihomes.com/,https://sakanihomes.com/,Real Estate,A real estate guide for a dream home in Dubai.,TRUE,,,,,,,,,,,,,,
Strategic Intelligence Forum FZ-LLC,http://www.sif-global.com,http://www.sif-global.com,Content,"Strategic Intelligence Forum (SIF) is a platform toaccelerate outstanding models of impact and change worldwide. SIF tackle principal local and global problems affecting people, governments, economies and our communities through market-led intelligence and shape industry agendas while creating a culture of continuous learning.",TRUE,,,,,,,,,,,,,,
Sthrive FZ-LLC,https://sthrive.com/,https://sthrive.com/,Retail,Sthrive is a SaaS B2B platform dedicated to Retail to boost their employee performance.,TRUE,,,,,,,,,,,,,,
Starlyst Technologies FZ-LLC,https://www.starlyst.co/,https://www.starlyst.co/,Marketplace,"Professional social networking tech platform for the influencer industry connecting all stakeholders in the ecosystem, including influencers, marketers, brands, mentors, and investors.",FALSE,,,,,,,,,,,,,,
Stacks FZ-LLC,https://stacksmarket.co/,https://stacksmarket.co/,Business AI Solution,"Stacks is an AI-powered mobile app builder that simplifies app creation with drag-and-drop functionality, driving operational efficiency and sales growth for business owners.",TRUE,,,,,,,,,,,,,,
Squadly FZ-LLC,https://squadly.io/,https://squadly.io/,Marketplace,Squadly is a comprehensive business management platform specifically designed for residential & commercial service businesses.,TRUE,,,,,,,,,,,,,,
Sors Technika FZ-LLC,https://www.englishmonkapp.com/,https://www.englishmonkapp.com/,EdTech,"Sors Technika, the English Monk App makes IELTS preparation fun, easy and effortless through live tutoring sessions, personalized feedback and tons of practice lessons",FALSE,,,,,,,,,,,,,,
Solaris Solutions FZ-LLC,http://solarissolutions.co,http://solarissolutions.co,Energy,"Solaris Solutions specializes in energy solution products and services. Their product, SolarisBox is a portable solar generator for outdoor activities/campers that can power up and charge various gadgets and appliances such as mobile phones, laptops, flash lights, mini fridges and even oxygen concentrators.",FALSE,,,,,,,,,,,,,,
SnapnDash FZ-LLC,http://www.snapndashstudio.com,http://www.snapndashstudio.com,Marketplace,"SnapnDash serve as the last-mile solution to engaging mobile users with their stories, albums, photos. Using an integrated human, tech and AI advanced solutions for all type of printing, including curative of photos, frame making and ordering, and ART partnerships, covering B2C, B2B and B2W consumers.",FALSE,,,,,,,,,,,,,,
Smartsphere Technologies FZ-LLC,https://smartspheretechnologies.com/,https://smartspheretechnologies.com/,Business AI Solution,AI startup building ultra-realistic conversational agents that sound just like humans.,TRUE,,,,,,,,,,,,,,
Smart Runners Technologies FZ-LLC,https://smartrunners.co/,https://smartrunners.co/,Marketplace,Smart Runners a platform for aspiring players in football schools and academies to join professional teams or gain sponsorships for colleges and universities.,FALSE,,,,,,,,,,,,,,
ShopDoc FZ-LLC,https://shopdoc.in/,https://shopdoc.in/,HealthTech,"A preventive primary care platform in Metaverse. The lack of awareness, education and quality care in preventive primary care can save millions of lives, and reduce healthcare costs.",FALSE,,,,,,,,,,,,,,
ShootCutPlay FZ-LLC,http://www.shootcutplay.com,http://www.shootcutplay.com,Content,Event filming & editing Live streaming Animation Photography Podcasting Copywriting Design,FALSE,,,,,,,,,,,,,,
Sheryan Energy FZ-LLC,https://sheryanenergy.com/,https://sheryanenergy.com/,Energy,Sheryan enables clean energy to reduce CO₂ emissions and keep Earth breathing.,FALSE,,,,,,,,,,,,,,
Shelp FZ-LLC,https://speak-up.pro,https://speak-up.pro,Events,"SpeakUp — an AI-driven speaker matching app that connects event organizers, media outlets, and podcasters with verified speakers and experts in seconds. Launched by Shelp company, platform combining instant matchmaking, speaker promotion, media partnerships, clubs, and freemium tools, we aim to democratize access—not just list profiles and requests.",FALSE,,,,,,,,,,,,,,
Seven D FZ-LLC,http://www.kidsgate.org,http://www.kidsgate.org,F&B,Seven D KidsGate offers healthy meals for school going children.,FALSE,,,,,,,,,,,,,,
Senses Media FZ-LLC,https://sensestv.com/,https://sensestv.com/,Content,"Senses TV Arabia is a Scenary and Music Channel that showcases natural sceneries and provides a relaxing atmosphere. Senses TV appeals to an audience wishing to relax, reflect and reconnect to nature at airports, barbershops waiting areas, medical clinics waiting areas, restaurants and other public places.",FALSE,,,,,,,,,,,,,,
SellAbroad FZ-LLC,http://www.sellabroad.io,http://www.sellabroad.io,eCommerce,SellAbroad empowers e-commerce brands to expand globally with ease.,FALSE,,,,,,,,,,,,,,
Sector8 AI FZ LLC,https://www.sector8.ai,https://www.sector8.ai,,"Sector8.ai helps enterprises secure and monitor AI systems, starting with LLMs. As businesses adopt AI, risks like data leakage, prompt injection, and compliance failures grow. Sector8.ai provide real-time observability, threat detection, and audit-ready insights to protect AI use across sectors like finance, healthcare, and SaaS. Built for CISOs, AI teams, and compliance leaders, Sector8.ai brings trust to the age of intelligent systems.",TRUE,,,,,,,,,,,,,,
ScoutX Technologies FZ-LLC,https://www.scout-x.com,https://www.scout-x.com,Marketplace,"ScoutX is a digital platform connecting young and amateur football players with Football Managers, Clubs, Scouts & Agents.",FALSE,,,,,,,,,,,,,,
Tactical Decisions FZ-LLC,https://tacticalci.com,https://tacticalci.com,Business IT Solution,Empowering data-driven decision-making,TRUE,,,,,,,,,,,,,,
Taggle Digital Solutions FZ-LLC,https://www.taggle.ae,https://www.taggle.ae,eCommerce,"Taggle is a platform that helps merchants offer cashback discounts when users post about their products on Instagram. It solves the lack of merchant-driven discount initiatives by incentivizing organic marketing. Serving e-commerce and retail, Taggle connects businesses with social media-savvy consumers looking for rewards and promotions.",FALSE,,,,,,,,,,,,,,
Talktime FZ-LLC,https://talktime.ae/,https://talktime.ae/,Mental Health,"Talktime provides convenient, confidential, and localized online therapy from the comfort of home.",TRUE,,,,,,,,,,,,,,
Techauthors FZ-LLC,http://lineup.ae,http://lineup.ae,Wellness,A mobile app to match-make players and book sport venues.,FALSE,,,,,,,,,,,,,,
The Disrupt Labs FZ-LLC,http://www.thedisruptlabs.com,http://www.thedisruptlabs.com,Robotics,"The Disrupt Labs helps Manufacturing Companies, warehouses and outdoor electrical and telecom sites with visual inspection, safety, security, and efficiency improvements by adding AI to their visual sensors such as CCTV cameras, and machine vision cameras.",FALSE,,,,,,,,,,,,,,
The Fashion Coterie FZ-LLC,https://Thefashioncoterie.com,https://Thefashioncoterie.com,Product Design,"The Fashion Coterie is a design company that helps individuals and businesses improve their products, style and image. The serivces include styling, image, clothing selection, design development, and brand identity development.",FALSE,,,,,,,,,,,,,,
Tools Products FZ-LLC,https://www.tools-products.com,https://www.tools-products.com,EdTech,Tools Products offers a library of tools to create breathtaking art.,FALSE,,,,,,,,,,,,,,
Tomorrow Film FZ-LLC,https://www.tomorrow.film/,https://www.tomorrow.film/,Content,"Tomorrow Film is production agency, filming for top agencies and brands across the region and beyond.",FALSE,,,,,,,,,,,,,,
Together We Empower FZ-LLC,https://twe.co/,https://twe.co/,Content,twe is learning-based social media app that redefining the way young individuals engage with the professional world.,FALSE,,,,,,,,,,,,,,
Tiger Marketplace FZ-LLC,https://www.tigerpay.app/,https://www.tigerpay.app/,FinTech,Payment solutions for merchants.,FALSE,,,,,,,,,,,,,,
Throwmenot FZ-LLC,https://throwmenot.ae,https://throwmenot.ae,eCommerce,"eCommerce platform & future mobile app connecting consumers and businesses with discounted surplus groceries, helping reduce food waste and helping retailers turn surplus inventory into revenue.",FALSE,,,,,,,,,,,,,,
Thoughtful Natives FZ-LLC,https://www.thoughtfulnatives.com,https://www.thoughtfulnatives.com,Architecture,"Celebrating Art, Culture & Life in Architecture",FALSE,,,,,,,,,,,,,,
The Taco People FZ-LLC,https://thetacopeople.com/,https://thetacopeople.com/,Fashion,The Taco People is a Fashion Boutique Agency that provides a host of services to D2C eCommerce businesses.,FALSE,,,,,,,,,,,,,,
The Potion Video Production FZ-LLC,http://www.thepotion.me,http://www.thepotion.me,Content,The Potion is a creative design and video production agency.,FALSE,,,,,,,,,,,,,,
Uniphi Digital Technologies FZ-LLC,https://xfin.digital,https://xfin.digital,FinTech,"Uniphi/XFIN helps small banks/NBFCs/MFIs  build their own neobank with our digital banking platform as a service. With their own neobank, their customers can download an app, do the self KYC, operate account, invest, send/receive money and perform a variety of other functions without ever having to go to a branch.",TRUE,,,,,,,,,,,,,,
Unipreneur FZ-LLC,http://unipreneur.co/,http://unipreneur.co/,EdTech,"Unipreneur Inc is a youth entrepreneurship, leadership, and career development platform that is based on the triple helix model of innovation.",TRUE,,,,,,,,,,,,,,
Unleash Resilience FZ-LLC,https://dubaiminds.wixsite.com/dubai-minds,https://dubaiminds.wixsite.com/dubai-minds,HealthTech,DubaiMind tackle theincreasing amount of anxiety and depression in our society.,FALSE,,,,,,,,,,,,,,
Unlimits FZ-LLC,http://www.unlimits.ai,http://www.unlimits.ai,EdTech,"Unlimits is a revolutionary personal development platform designed to empower individuals to dream, manifest, and achieve their life goals.",FALSE,,,,,,,,,,,,,,
uno.dos.trends FZ-LLC,https://unodostrends.com/,https://unodostrends.com/,Content,Our social commerce platform helps eCom brands and platforms create and distribute UGC content at scale. We provide three main services: 1. UGC Content Production at scale 2. Video content creation education 3. Shoppable videos feed widget (no code),FALSE,,,,,,,,,,,,,,
Vague MENA FZ-LLC,https://vague.so,https://vague.so,Marketing,"Vague is a content company producing and managing print, digital, video and social channels.",FALSE,,,,,,,,,,,,,,
VeeHive Tech FZ-LLC,https://www.veehive.ai,https://www.veehive.ai,Content,"Veehive is a short form streaming platform for business to share their media content in closed groups. We are a SaaS B2B platform, enabling short form video to be the primary means of information sharing and learning in the workplace. We are solving the chaos businesses experience when creating, sharing and organizing their media content. By developing a full stack content platform, we provide an all-in-one solution for businesses.",FALSE,,,,,,,,,,,,,,
Versal Money FZ-LLC,https://www.sixclovers.com/,https://www.sixclovers.com/,FinTech,Digital currency payment solution.,TRUE,,,,,,,,,,,,,,
Vizoly FZ-LLC,https://vizoly.com,https://vizoly.com,Travel,"Discover and book authentic experiences captured by users, all in one convenient platform.",TRUE,,,,,,,,,,,,,,
VoltNexus FZ-LLC,https://voltnexus.com/,https://voltnexus.com/,Sustainability,VoltNexus coffers state-of-the-art portable power solutions.,FALSE,,,,,,,,,,,,,,
Vulcan Link Labs FZ-LLC,https://vulcan.link,https://vulcan.link,NFT,"Vulcan Link is a blockchain node operator as a service company (NaaS) specializing in off-chain oracles, data feeds that help smart contracts access real world data such as crypto or FX prices. We are also developing various blockchain APIs that index data such as token transfers, NFTs, & other activity, making it easier to run analytical research. We work with multiple blockchain protocols including Ethereum, Chainlink, Polygon, Arbitrum, and more.",FALSE,,,,,,,,,,,,,,
Wahat Games FZ-LLC,https://www.wahatgames.com/,https://www.wahatgames.com/,Gaming,Wahat creates MENA culturally rich games with competitive gameplay and hosting annual esports tournaments.,FALSE,,,,,,,,,,,,,,
Waj Technology FZ-LLC,https://www.waj.ai,https://www.waj.ai,Marketplace,"WAJ empowers beauty providers streamline their operations, reach more customers and deliver efficient procurement.",TRUE,,,,,,,,,,,,,,
Walls Nation FZ-LLC,https://wallsnation.com,https://wallsnation.com,Interior Design,"Walls Nation is a furniture & home decor marketplace that works with many home & office specialty brands, workshops and factories, creating bespoke designs & fulfilling loose furnishing and decor needs for retailers, hotels, villas, mansions,offices & much more.  Products listed on Walls Nation range in availability from on-demand and ready-made, all products on our platforms are crafted by niche quality-tested local partners, specialized for years in the category of each product sold.",TRUE,,,,,,,,,,,,,,
We Are Tech FZ-LLC,http://wat.ae/,http://wat.ae/,Sustainability,"WAT (WE ARE TECH), is the Electronics ReCommerce platform empowering the circular economy by incentivizing individuals and businesses to buy and sell pre-owned or new virtuous items. WAT’s mission is to educate users to actively reduce waste and promote sustainability. Using WAT, users positively impact the environment and benefit from rewards based on their virtuous behavior in the circular economy.",TRUE,,,,,,,,,,,,,,
We Placed FZ-LLC,https://we-placed.com/,https://we-placed.com/,Human Resource,Weplaced is an AI technology-based marketplace dedicated to blue collar and generic staffing requirements.,FALSE,,,,,,,,,,,,,,
Whispers of Alara FZ-LLC,https://www.whispersofalara.com,https://www.whispersofalara.com,Jewelry,"Alara is a boutique jewelry brand founded in 2024, dedicated to creating stunning, minimal, modern design jewelry that is inspired by MENA cultural architecural heritage. Our product range includes rings, bracelets, necklaces, and earrings, crafted from high-quality materials such as gold, diamonds, and precious stones like emeralds, rubies, and sapphires.",TRUE,,,,,,,,,,,,,,
X Fusor FZ-LLC,https://xfusor.org/DesignLabs/en.html,https://xfusor.org/DesignLabs/en.html,Product Design,"X-Fusor is a Multi-Disciplinary Comprehensive Anticipatory Design Collective to bridge different approaches and perspectives from various fields of design; To translate unique ideas into real-world impacts. From Graphics to Fashion, Industrial and Architectual Design; We provides comprehensive design solutions for business, especially start-ups. We believe good designs can define and lead the way to a better future, for all humankind.",TRUE,,,,,,,,,,,,,,
Xenios Academy FZ-LLC,http://xenios.academy,http://xenios.academy,EdTech,Xenios Academy is a gamified learners app powered by neuroscience-backed teaching methods and an AI-driven admin platform with easy content upload and access to performance analytics.,TRUE,,,,,,,,,,,,,,
Yalla Multimedia and Tech FZ-LLC,https://www.schoolofyalla.com/,https://www.schoolofyalla.com/,EdTech,"School of Yalla platform to learn Arabic. School of Yalla believes that the goal of learning a language is to better communicate with people of that language and the people around you.  The online academy focuses on the simpler, more practical, and useful Arabic – Conversational Arabic – rather than Modern Standard Arabic. https://www.abnewswire.com/pressreleases/the-founder-of-the-school-of-yalla-kareem-m-is-helping-to-discover-how-anyone-can-learn-arabic-in-record-time-with-proven-shortcuts_629744.html",TRUE,,,,,,,,,,,,,,
YU.SH Fashiontech FZ-LLC,http://www.yush.it,http://www.yush.it,Fashion,"Yush is a tech fashion - healthcare innovative startup providing new concept for luxury tech shoes providing safeness, comfort and health.",FALSE,,,,,,,,,,,,,,
ZAIC Studios FZ-LLC,https://www.zaicstudios.com/,https://www.zaicstudios.com/,Architecture,ZAIC Studios provide personalized and sustainable architecture design solutions for residential and commercial projects.,FALSE,,,,,,,,,,,,,,
Zelta Media FZ-LLC,https://www.zeltamedia.com,https://www.zeltamedia.com,Content,Zelta Media generate compelling content and short videos for individuals and companies.,TRUE,,,,,,,,,,,,,,
ZickZak Solution FZ-LLC,https://zickzak.com,https://zickzak.com,Human Resource,"ZickZak features a unique approach where job seekers and employers connect using short-form videos, creating an engaging, TikTok-like experience for job searches. The platform is powered by advanced AI algorithms that match candidates with employers efficiently, offering a modern, interactive alternative to traditional job-hunting methods.",FALSE,,,,,,,,,,,,,,
Zuria Dor FZ-LLC,http://www.zuriador.com,http://www.zuriador.com,Fashion,"Zuria Dor pursues excellence in design and craftsmanship, striving to set new standards of quality by fusing tradition and modern luxury.",FALSE,,,,,,,,,,,,,,
Zwag AI Solutions FZ-LLC,https://linktr.ee/zwagapp,https://linktr.ee/zwagapp,eCommerce,"Zwag is a search and messaging app powered by conversational Ai. It helps Gen-Z and Young millennials find actionable, hyper-personalized recommendations from the web and peers, assisted by chatbots. The app brings together the best of search functions, peer-to-peer conversations, and messaging apps in ONE app. We solve the pain points of traditional search and long customer purchase journeys across multiple platforms.",TRUE,,,,,,,,,,,,,,
